,b1_l,b2_l,b3_l,i1_l,i2_l,iii1_l,iii3_l,hg1_l,hg2_l,hg3_l,hg4_l,b1_r,b2_r,b3_r,i1_r,i2_r,iii1_r,iii3_r,hg1_r,hg2_r,hg3_r,hg4_r
0,0.532947302338,0.444130763724,0.584782200745,0.251886824373,0.252256199834,0.363027551269,0.622477022783,0.310142608173,0.312077715492,0.26361057117,0.329895389471,0.527878798903,0.454640303262,0.546827940358,0.241633100159,0.221990063733,0.343965009373,0.642015546179,0.285365563561,0.340853122453,0.321140726662,0.314099382155
1,0.537910874212,0.451710004515,0.593135835307,0.249725649964,0.252159895163,0.356171899751,0.614388575739,0.304971781806,0.308513667938,0.285869315485,0.329895389471,0.533226093771,0.453808246613,0.53499073798,0.237079186538,0.221898095972,0.336497576999,0.648302382313,0.281272827346,0.338462248185,0.322140921967,0.307796787725
2,0.53212313933,0.456011604678,0.600257252164,0.245711629739,0.270045769864,0.345040537006,0.605695047793,0.297183623148,0.309929040188,0.288984990514,0.329895389471,0.52836352457,0.446504751492,0.533059851559,0.23055051713,0.216434519785,0.329918029217,0.656999782669,0.277857016767,0.332781802897,0.316609823691,0.294011330766
3,0.534061368114,0.454825167755,0.609056553076,0.247925419953,0.274986465373,0.343270481153,0.600734478465,0.297639386996,0.31672296067,0.329199107261,0.329895389471,0.523023397974,0.455624062421,0.513924055897,0.22222615108,0.211341599735,0.329197038754,0.666769145712,0.269958774235,0.333781969466,0.312337085739,0.293983644791
4,0.532853237325,0.454881263488,0.618428227759,0.253640290413,0.285469255041,0.336580424291,0.573941624327,0.294439466792,0.314740917493,0.336645007614,0.339912349882,0.536173494398,0.462931034491,0.502819248479,0.216059073367,0.204008936813,0.334527530915,0.682559556771,0.267650892819,0.335385132564,0.310427501743,0.262115980995
5,0.542102157684,0.452874534244,0.633777548181,0.267296536613,0.307192400165,0.34500781714,0.561442753596,0.302862184301,0.324000436633,0.336645007614,0.339912349882,0.548211993966,0.460020807968,0.49263286471,0.212931959848,0.199260787163,0.344387119299,0.697209599244,0.270807968073,0.343247672909,0.30780739841,0.256135907599
6,0.54080401476,0.442280747906,0.645402903734,0.279700321463,0.323127842297,0.344275647174,0.534759510554,0.304762378051,0.326049321228,0.340632378257,0.339912349882,0.543517262799,0.465873975612,0.468463747553,0.204188736594,0.197302346357,0.346452971037,0.705631178337,0.263848412464,0.340082025881,0.310676513017,0.238233517281
7,0.545286970955,0.447872831852,0.657904262767,0.294277314671,0.342776662176,0.349740785745,0.504615239575,0.30995888232,0.330997494883,0.321556667373,0.339912349882,0.560557887699,0.472476723208,0.44270566542,0.200244789822,0.195618034993,0.350391863759,0.716251562483,0.258345611059,0.342981673305,0.309747768931,0.236544616364
8,0.54381976786,0.443882047921,0.668789096683,0.31163063568,0.365147115056,0.356547586609,0.476459549237,0.323296304265,0.344161833844,0.321556667373,0.339912349882,0.572677135803,0.485298221283,0.43543854547,0.199468164517,0.189458704841,0.369397413565,0.731956082376,0.263431777466,0.353858375553,0.308466850995,0.242406028135
9,0.545436800772,0.43195497827,0.674507167618,0.327526366555,0.389644933699,0.361973927605,0.44623932452,0.331073464119,0.349290189148,0.321556667373,0.339912349882,0.58041785145,0.492753029803,0.419042791886,0.197277523557,0.190764547347,0.378285505281,0.740039514621,0.265339182132,0.358079894886,0.301720176376,0.229940599055
10,0.542544510132,0.434859856275,0.683816372255,0.346443703013,0.402051850236,0.370511181071,0.420061838222,0.344385938672,0.36199330891,0.321556667373,0.339912349882,0.582460753814,0.499531693208,0.385340191544,0.197532532875,0.190539626248,0.397575454808,0.749079967258,0.268860362397,0.365702991811,0.299956178352,0.216845660637
11,0.523058651073,0.425927022242,0.676857499487,0.361870409691,0.426347463027,0.376400566529,0.384596764715,0.353294294324,0.368848087304,0.351940025105,0.339912349882,0.586101552294,0.5033857024,0.364618518845,0.195392484746,0.190669365133,0.405682847806,0.748549023244,0.270796463231,0.371253026215,0.315142116208,0.191864898409
12,0.51849388765,0.418337964605,0.686480780896,0.376886703815,0.442652779717,0.384452507462,0.359514952119,0.367159611921,0.379518142642,0.351940025105,0.339912349882,0.575152291126,0.502506411197,0.350514436817,0.195678070712,0.192596148596,0.414988688409,0.752807982538,0.272531226828,0.378189422741,0.317857231156,0.190302211021
13,0.521233090746,0.41762903015,0.698676772276,0.393024085028,0.455670565781,0.388858685702,0.329768240501,0.380262879068,0.387216388987,0.351940025105,0.339912349882,0.56841044828,0.508004221428,0.336501026592,0.195280533242,0.19555014216,0.422972603099,0.755096769433,0.270806802232,0.38027749182,0.312130458048,0.188361772361
14,0.524588469097,0.416417527598,0.705526984131,0.406147008922,0.475100390596,0.397288383781,0.310513131516,0.388092622747,0.396578115309,0.351940025105,0.339912349882,0.577082846895,0.52199302055,0.330173629857,0.196290375096,0.194461079948,0.435796517632,0.76293733106,0.274374796754,0.390537013565,0.308028773389,0.179393184245
15,0.515115693669,0.402836466516,0.70718795618,0.41847597976,0.489377353931,0.40271181381,0.292328204611,0.398681982789,0.408237303165,0.351940025105,0.339912349882,0.566302499496,0.523740374337,0.319596430272,0.194306301406,0.196500929888,0.44131278587,0.767126896464,0.275605359221,0.395574927399,0.3051088965,0.158511313006
16,0.541860605681,0.396492159057,0.726722640491,0.434641109639,0.499831334746,0.414621851942,0.283425321126,0.41242219664,0.415392955467,0.351940025105,0.339912349882,0.581570397252,0.530780397628,0.323785588114,0.194591531204,0.194809612402,0.452169162528,0.775240876493,0.276702012824,0.401499057677,0.307634417542,0.163168920418
17,0.541620278905,0.384448797063,0.73765780378,0.454069511724,0.509244016105,0.419867111795,0.266466167971,0.430149651836,0.424598718697,0.351940025105,0.339912349882,0.591079073134,0.529831737003,0.31415849477,0.195132355532,0.192557892217,0.464193824104,0.780838920644,0.277879051589,0.407909344214,0.31137644434,0.161801822022
18,0.539790618502,0.378787735328,0.735618695143,0.467794599885,0.526891195742,0.428982859433,0.253990838919,0.439151705559,0.431055202291,0.351940025105,0.466126091445,0.581113503277,0.54200200205,0.307584908093,0.194769184426,0.193314372319,0.465508056769,0.778316134,0.277788267663,0.409375234532,0.310093012708,0.170253410959
19,0.548897043011,0.372210017562,0.749718417249,0.480759296535,0.538399320829,0.434154263439,0.241426488035,0.452198096776,0.43649395532,0.351940025105,0.467843466379,0.587660907216,0.553926030162,0.322931645672,0.194228667932,0.199177366997,0.477710891457,0.786535454207,0.278944174886,0.414507300936,0.307191020074,0.158474150711
20,0.556067168303,0.359729901147,0.754322272583,0.492754566134,0.5477017174,0.440473234632,0.226611657757,0.457841791016,0.441602933982,0.351940025105,0.467843466379,0.586658460423,0.549311924222,0.314601829183,0.194780829672,0.200432720738,0.482745997977,0.78999673556,0.279403216597,0.414134537454,0.308641268896,0.159459545785
21,0.563171301419,0.355605950547,0.755418891769,0.50894830048,0.561289233829,0.447984618633,0.215351469882,0.465496864625,0.447286487525,0.351940025105,0.467843466379,0.575693956101,0.555847758109,0.318596712725,0.194965698024,0.199336991736,0.492143140229,0.789497680831,0.28142538117,0.417952783065,0.307742452777,0.163483778361
22,0.562743371923,0.346094578749,0.758151613347,0.519218405659,0.571828725941,0.4597514276,0.209458258936,0.472556531284,0.449440404739,0.351940025105,0.467843466379,0.579047812318,0.552022141582,0.331304784189,0.197783726231,0.204128480505,0.505442664298,0.794728245711,0.282518843646,0.421837366873,0.305779956011,0.164107074557
23,0.570090951974,0.345294026818,0.760877788931,0.533017008278,0.578785282779,0.467373801146,0.204721513593,0.485948352825,0.459884580322,0.351940025105,0.467843466379,0.579931617043,0.557281719991,0.321276725381,0.197811281292,0.201927939721,0.504399744385,0.795461911038,0.28484106988,0.424040912095,0.306725601322,0.151331624868
24,0.556567978682,0.345169535058,0.761514117457,0.545980672801,0.592731025231,0.476026482279,0.201898851407,0.49234937171,0.463862982192,0.351940025105,0.467843466379,0.575505686845,0.572158829708,0.322253669307,0.19867483907,0.204255997282,0.507809269668,0.79450204288,0.288130477194,0.429228327013,0.303714743919,0.164510221791
25,0.552023419839,0.346090349882,0.760617865722,0.553985631237,0.602578956755,0.485211103426,0.208859207271,0.499457913085,0.472270679863,0.351940025105,0.467843466379,0.586785158755,0.586854521928,0.333205604747,0.201155022844,0.210284224719,0.516786524059,0.797975305138,0.289751987743,0.433947365458,0.302172375407,0.16129640999
26,0.557644688608,0.335170486399,0.772041165918,0.566731342491,0.610315466704,0.504871835714,0.203291398977,0.515103865503,0.478113359328,0.351940025105,0.467843466379,0.582345609715,0.596979979175,0.337551046388,0.204925805242,0.208721923733,0.522569144032,0.798288352956,0.293466304587,0.435890342635,0.304887202568,0.152400940378
27,0.546155576406,0.328119272596,0.764482299461,0.571388490224,0.626190561723,0.500823254911,0.182678707891,0.522557158811,0.481803492199,0.351940025105,0.467843466379,0.579722123258,0.619585002705,0.326331228533,0.203673490097,0.209674842952,0.523679166997,0.794196005198,0.294588064526,0.434708702607,0.30520824749,0.14969549586
28,0.54731226646,0.329821109795,0.775285993239,0.580200767938,0.639820522684,0.517311433212,0.183500252837,0.533210013808,0.488446909566,0.34700531797,0.467843466379,0.576170813922,0.629800789315,0.327981187257,0.204753121901,0.210865612618,0.52919738891,0.797245033867,0.296169521747,0.438340073702,0.302759235803,0.145904373274
29,0.559535192706,0.332922254538,0.784790867647,0.592203710602,0.647350349927,0.528840284077,0.180611824751,0.542641230234,0.492693236768,0.34700531797,0.467843466379,0.582596804528,0.652056339401,0.327983021031,0.205766917392,0.212150347527,0.53745082957,0.808140959446,0.297572479068,0.442405137761,0.29545593525,0.136556630254
30,0.556578015627,0.329921929295,0.788082523504,0.602162712731,0.649104324071,0.527766073805,0.173898531698,0.550714018523,0.498476320216,0.34700531797,0.467843466379,0.585258863308,0.657335720063,0.330145893749,0.207930517177,0.211220846043,0.559701569689,0.808776958916,0.300599902976,0.445159450607,0.287594051519,0.13656535398
31,0.560708620208,0.325034623206,0.796341101105,0.614159094816,0.656463644604,0.536602722533,0.178073529817,0.561209854648,0.509742767545,0.34700531797,0.467843466379,0.586013416258,0.667911013162,0.345305188103,0.210552045604,0.212783149704,0.565406062655,0.812352708595,0.303036369719,0.451113197326,0.295744198178,0.153842548089
32,0.55218604518,0.317068388506,0.79093058135,0.615618852198,0.653659200099,0.528149261838,0.185631421409,0.566097316629,0.509261019136,0.34700531797,0.467843466379,0.574949647598,0.672096008431,0.34778146919,0.213133451297,0.213261640094,0.5659952879,0.813941935409,0.302751135304,0.44860443221,0.282866502806,0.142114935412
33,0.546297422824,0.311543946667,0.789391174183,0.626874233798,0.654181311561,0.534310750933,0.183351528775,0.575348308329,0.517290454508,0.34700531797,0.467843466379,0.571695776984,0.673063174928,0.341280382313,0.216116618692,0.210899665096,0.57378844752,0.811046756785,0.308204003775,0.452940705245,0.278488825937,0.147688746272
34,0.553841454862,0.311660096484,0.788610151004,0.634833419718,0.653771481949,0.541985808386,0.188289617277,0.583880176353,0.526784445045,0.34700531797,0.58898392061,0.584027098642,0.685234152703,0.352990005775,0.221160248717,0.214457959951,0.585574817477,0.817890778397,0.313592320044,0.462709079935,0.273129414084,0.143728111202
35,0.554047036978,0.315327267807,0.788273202221,0.637600682651,0.648343316006,0.548410717456,0.183905226137,0.592013296126,0.531156590003,0.34700531797,0.629403596623,0.585099072428,0.695434390193,0.351169504416,0.224589373177,0.211227040493,0.59072794825,0.817181193831,0.315308091146,0.459582546296,0.277665475888,0.15116858206
36,0.550518746488,0.320279994585,0.790149076679,0.643862073389,0.655706371779,0.548471992575,0.17879905838,0.601040583874,0.533012932445,0.34700531797,0.611118949434,0.591044955351,0.704533278687,0.344435076847,0.222440227023,0.207452975185,0.598855720662,0.821417098451,0.31591146879,0.465208807733,0.290033872278,0.16126745304
37,0.544712889904,0.313786631805,0.789042980747,0.649537390775,0.664631449075,0.553612530971,0.175825248244,0.605013995324,0.535628433325,0.34700531797,0.601692305522,0.590400246017,0.732342911693,0.347916177589,0.223301637685,0.212901178665,0.596738906665,0.821389714614,0.315994315332,0.464189371076,0.277476290378,0.138063979403
38,0.55008940355,0.315797433287,0.80056861703,0.655391363293,0.662442956724,0.554656747131,0.181042902804,0.608936672545,0.543292197594,0.34700531797,0.628932387134,0.582445493516,0.744392600773,0.362462853401,0.223444920227,0.21271666487,0.59443849924,0.821948732475,0.317306436822,0.463464394952,0.278820632693,0.144105652114
39,0.548106248242,0.312048043165,0.802684644886,0.659195612129,0.665361617878,0.556284037957,0.174826586049,0.611951172663,0.54335511217,0.34700531797,0.638612394797,0.575899026092,0.747886258288,0.360419841599,0.220644116697,0.212122566974,0.600606550232,0.821118108705,0.316180417493,0.463054965853,0.279425005595,0.133373214858
40,0.558448977109,0.307896733828,0.804107598936,0.664354131062,0.673061330778,0.558716618467,0.171063007539,0.612891614577,0.550410502105,0.34700531797,0.640223240464,0.589401433244,0.760112332245,0.374066958332,0.220917930204,0.216342972421,0.608937381001,0.831779777097,0.316390879774,0.468592787775,0.27535169023,0.144478970775
41,0.547203349618,0.304370432847,0.803908476686,0.666194016322,0.675549926443,0.559217009691,0.173586153545,0.613818824905,0.550969796348,0.34700531797,0.599873588812,0.578758411856,0.77941325703,0.383506450364,0.221581621597,0.220966582754,0.610028402156,0.830897674774,0.315364505091,0.469196380883,0.281289869942,0.140175084037
42,0.555901214836,0.309088095732,0.815412182431,0.672150004571,0.672275755064,0.562800541598,0.164779024097,0.618305455154,0.555975324799,0.34700531797,0.644168485334,0.586035111669,0.781291277771,0.376866666975,0.221406250812,0.218134272787,0.61834801184,0.84296609145,0.315973593591,0.47338229651,0.277448761612,0.14975576322
43,0.557790494578,0.30636533219,0.816467618126,0.675866006716,0.67819776237,0.564496080058,0.160239588549,0.62608419457,0.558660409091,0.34700531797,0.639217968283,0.591775200577,0.797541817236,0.377183140462,0.220227030932,0.215521962837,0.625567428454,0.847613534559,0.316339227743,0.476506459524,0.270514042204,0.14545021903
44,0.56554777887,0.310132282866,0.824165344106,0.681672604879,0.676799640339,0.563319286778,0.156574986024,0.635926531197,0.567893204146,0.34700531797,0.631284220109,0.602399915752,0.818941966497,0.385884813821,0.221418420452,0.219614255918,0.628347038765,0.851528478621,0.317789607531,0.481690631489,0.267494203745,0.147239833252
45,0.559415038314,0.310392824226,0.821397630902,0.685593279832,0.675564250297,0.562318663237,0.144232074296,0.646144656406,0.572107577925,0.34700531797,0.631284220109,0.598463555587,0.826301837068,0.383420808524,0.221838526315,0.214140474897,0.633268537184,0.850629511668,0.318314223128,0.483310871466,0.265615753639,0.149222494497
46,0.550075319918,0.298672193478,0.815052029432,0.692165403441,0.67611109538,0.558788005966,0.132115230498,0.653336831261,0.572803009615,0.34700531797,0.693782418472,0.576527990107,0.823219414243,0.368463639638,0.221462578766,0.214958301485,0.633362716179,0.847050213693,0.31709238314,0.483447938207,0.267795711236,0.150854888835
47,0.562262833337,0.291961293534,0.825472809468,0.7035523696,0.688005058938,0.567691544715,0.1309015196,0.664117938218,0.582478670252,0.34700531797,0.693782418472,0.585975653196,0.827252363781,0.374867705915,0.224233862565,0.217363735863,0.637401692769,0.850052861812,0.319556540493,0.489483901476,0.268875485751,0.150168935657
48,0.571028233075,0.29427141474,0.829014682171,0.710459736228,0.685870451476,0.572388720055,0.131039904474,0.670949897318,0.587403455016,0.34700531797,0.693782418472,0.596334546877,0.848761774234,0.380215744757,0.227367206238,0.218369422731,0.647812138125,0.85572668386,0.321693586936,0.497609677777,0.269558967831,0.151196328047
49,0.541341947692,0.282154807701,0.815695152294,0.714818048075,0.685341203951,0.567740516876,0.113695603442,0.676725544861,0.58453613672,0.34700531797,0.693782418472,0.568819757286,0.863432564936,0.35883340537,0.228035158303,0.218968369381,0.663024642502,0.844977392107,0.320433919194,0.489723514592,0.271269771123,0.145605536992
50,0.532612718158,0.281638351803,0.803810310176,0.712738870858,0.690003829871,0.56224142879,0.103132741889,0.677046622081,0.582159505863,0.34700531797,0.693782418472,0.562224221962,0.880614152488,0.360995153833,0.2269130713,0.222051479923,0.654020519028,0.840733847902,0.320949948988,0.484136546073,0.271188567948,0.149865881624
51,0.555142341645,0.285059295268,0.817146087826,0.722695928933,0.690221470423,0.578793752757,0.121111479938,0.690175440353,0.593858735231,0.34700531797,0.693782418472,0.590398205496,0.902901763081,0.38394957574,0.236601478049,0.225806331082,0.683645876432,0.856050103056,0.330687923182,0.502689206681,0.27478772919,0.139530482455
52,0.564617868771,0.293123227353,0.824221760949,0.733779885242,0.693286581306,0.587687307469,0.121143418556,0.696923359525,0.596699813471,0.34700531797,0.693782418472,0.570292953986,0.896176965556,0.377628644238,0.236216925119,0.220155998769,0.683606685061,0.856935840786,0.333074046856,0.507496661934,0.262367915033,0.143406591234
53,0.57896299526,0.290954055125,0.832713240479,0.741457874614,0.705429511296,0.591370037835,0.123619521575,0.700978271362,0.605427403348,0.34700531797,0.693782418472,0.576416041478,0.902003037924,0.384575286134,0.238630008405,0.220458013424,0.689044652358,0.859843414019,0.336720818935,0.510252451993,0.262388101273,0.143304280173
54,0.584856837173,0.291587657902,0.829506100317,0.745762536427,0.710713230799,0.593579190597,0.135185660996,0.698941834805,0.607455892914,0.34700531797,0.693782418472,0.580434718452,0.900830437112,0.393463820353,0.242018747929,0.222988972488,0.698264380545,0.863767671626,0.336122313417,0.512013205412,0.264782751451,0.143893758727
55,0.578126318153,0.290431639262,0.827573884746,0.74866830921,0.70884109359,0.600149703893,0.135979737605,0.703485442254,0.607667519578,0.34700531797,0.693782418472,0.578776476412,0.902407731599,0.390956617169,0.244486816498,0.224567991425,0.706592415521,0.864243171912,0.336838224681,0.515975144939,0.26962682428,0.134903046115
56,0.581352757197,0.291131958302,0.8269367096,0.756174599664,0.714949292557,0.601130985147,0.134660438766,0.710741465795,0.609882824126,0.34700531797,0.614746048175,0.577904472271,0.918382471786,0.394476865493,0.247997822788,0.222773205728,0.714766120731,0.862063780246,0.338419115709,0.518395270275,0.2663519868,0.133750900015
57,0.584422697843,0.290608881481,0.838204222739,0.75963892946,0.711931629606,0.60975369337,0.141318035432,0.713742675105,0.616029810175,0.34700531797,0.612313425316,0.583128425939,0.935081342241,0.405240730025,0.250349093752,0.224332593477,0.71745376766,0.869101980995,0.337697118362,0.519156055265,0.261814549652,0.142284890031
58,0.571014052084,0.287898141921,0.833090215049,0.763696934139,0.719279135611,0.610348573926,0.140042486936,0.715837677762,0.615810909251,0.34700531797,0.612313425316,0.570098519256,0.949524755419,0.410168112578,0.251665375179,0.225104872971,0.722868021017,0.873441371686,0.337424425157,0.524970884175,0.25861885119,0.13686789644
59,0.56941877943,0.289724843383,0.830205687654,0.769429790473,0.708328393662,0.609757528935,0.128827341351,0.720381853866,0.618045353078,0.34700531797,0.612313425316,0.570734857077,0.973362688096,0.394243506494,0.247172204116,0.222061385639,0.725159397529,0.874571157981,0.33367527403,0.526373418454,0.263537463044,0.136400621445
60,0.568547651825,0.282701651664,0.829038751897,0.769477806139,0.712359794603,0.605690763477,0.127674279648,0.722052015418,0.624834875219,0.34700531797,0.612313425316,0.55947940869,0.969941580892,0.399600922295,0.245794993826,0.227078570929,0.725563499813,0.87630000832,0.334051326202,0.531293151338,0.264502073521,0.132626780362
61,0.558332088688,0.278030830178,0.829173992122,0.771130806547,0.721150752561,0.605112140988,0.124365445449,0.720754526704,0.625554123172,0.34700531797,0.625932561241,0.553926389095,0.960062819967,0.397552981521,0.244631845695,0.22360553055,0.72918063212,0.877339049435,0.33622164712,0.533948962985,0.262405826473,0.139647758384
62,0.562373502983,0.274166019256,0.833254481132,0.779707766556,0.716104381239,0.608507932765,0.120838828253,0.722693127739,0.626536096279,0.34700531797,0.669887120259,0.557873592938,0.950699022198,0.398181129815,0.246138922988,0.227761841624,0.733152876361,0.877885812769,0.340085867987,0.533128677107,0.263752187931,0.132666550805
63,0.585226808534,0.283432227207,0.842003478072,0.785652954861,0.723589483213,0.618185974688,0.121524413671,0.725668899156,0.636396996937,0.34700531797,0.672370444645,0.572871937903,0.954229568602,0.415897779145,0.249666567889,0.230633860853,0.744649922966,0.884147474551,0.343789426146,0.543810089385,0.263752187931,0.140370889286
64,0.585422932129,0.280767442063,0.841132328384,0.789931121813,0.726522358819,0.617148504412,0.125779452633,0.723108041163,0.630103374473,0.34700531797,0.62963721022,0.565367019401,0.971684612685,0.422604495825,0.248247146451,0.230183361491,0.740237872386,0.886322474087,0.342139860194,0.538980688341,0.26139263991,0.131654002454
65,0.577354846887,0.289951547075,0.841163008288,0.793874496212,0.724057006,0.623513229842,0.127623131851,0.726198306887,0.633855414742,0.34700531797,0.633633102481,0.564628726813,0.972351106522,0.410995852235,0.247822637365,0.228395977253,0.745283177784,0.884649710558,0.339650000068,0.539346877055,0.260151618774,0.131821404423
66,0.578113599873,0.282594667864,0.849601983852,0.798760934449,0.724425311607,0.621686947952,0.120058078026,0.739315925378,0.637641231817,0.34700531797,0.622166948039,0.566485507229,0.973198659315,0.416109568407,0.247768075256,0.228430233832,0.75046293447,0.891248367237,0.340989679184,0.542288195027,0.255360719547,0.123885730257
67,0.574706869984,0.2857885159,0.845911687864,0.802204498382,0.727784202349,0.623684995984,0.120537587306,0.743559403824,0.639764194398,0.34700531797,0.635372891611,0.560065002896,0.980265840467,0.415657787547,0.248469161713,0.234182995577,0.753711454366,0.891296155226,0.339598287818,0.546423613272,0.258530001715,0.124833399444
68,0.580708180059,0.28016873575,0.854128556226,0.810470661814,0.724195736513,0.630584738609,0.112511302454,0.753127145385,0.644910350832,0.34700531797,0.667766965903,0.56478544654,0.974830741198,0.418773396823,0.249517123475,0.236636423995,0.762713387258,0.893276512319,0.342184816742,0.550961579812,0.264453017957,0.128111992491
69,0.589114913016,0.274056135995,0.847842163969,0.812953144733,0.727179758782,0.628281377784,0.105951029696,0.754701208706,0.649786871541,0.34700531797,0.667158709127,0.564861843132,0.989449064599,0.404369169523,0.252443077468,0.236378716601,0.769022317182,0.892855133054,0.341562854485,0.551685251511,0.272136193103,0.106868172039
70,0.573373834052,0.269632922439,0.835674013959,0.810955242977,0.734951624272,0.621077639991,0.101626775857,0.763760531257,0.650770838706,0.34700531797,0.639060701333,0.557353970991,0.993495306194,0.415307879018,0.253809248887,0.237031371937,0.76954288023,0.887919411417,0.346616395358,0.557315314322,0.265912006883,0.11660741745
71,0.576822538527,0.274577506845,0.835720609738,0.806611689355,0.72989430698,0.617285277586,0.0960682946957,0.765447278628,0.651968960979,0.34700531797,0.639060701333,0.550665326377,0.990246867664,0.417961239772,0.257751750208,0.233159122207,0.774034219843,0.884952221785,0.347835434224,0.555569455092,0.260242662839,0.116552433685
72,0.582955178378,0.271384498841,0.84590946586,0.811799271398,0.746285374157,0.627403285889,0.0966656489837,0.771005926583,0.660582946587,0.34700531797,0.64728683893,0.554647036893,0.981019428091,0.421680422321,0.262013024347,0.236202732331,0.780656244429,0.882593762539,0.353246173104,0.564647900172,0.264747694704,0.131650986856
73,0.589182016965,0.272473915462,0.840430085237,0.809381387329,0.744157794616,0.623363881742,0.0975470113586,0.770504908045,0.657420138942,0.34700531797,0.650662407342,0.550167277766,0.974658631327,0.421529039442,0.262460939524,0.236998543631,0.781978599499,0.883484244645,0.355094483892,0.564734050587,0.265534852089,0.123345024911
74,0.590244290824,0.270140026571,0.843817509049,0.812132159957,0.733170241464,0.634733969231,0.105644973524,0.770698961618,0.662050456687,0.34700531797,0.650662407342,0.551953586816,0.955075763011,0.422018732098,0.266101116036,0.236533416716,0.78953503448,0.883741674422,0.361530701964,0.572938582868,0.258577037781,0.122320216914
75,0.594621356451,0.265445830148,0.851174984764,0.818764932048,0.736427351404,0.637098937056,0.104744313002,0.771786406733,0.660851880962,0.34700531797,0.650662407342,0.549990500098,0.938010557655,0.422831711638,0.26646257784,0.234537599883,0.792528243119,0.887347460874,0.364653402839,0.575187786462,0.258972844567,0.111915526136
76,0.587668188017,0.265861012726,0.845992401247,0.816513656817,0.73656648765,0.629926788347,0.102150645926,0.76445371416,0.653632612943,0.34700531797,0.627278124951,0.541317240768,0.92432886575,0.422815950134,0.264092997838,0.236442518999,0.780261008097,0.883043621786,0.36006890157,0.569590867658,0.246678883335,0.113341390179
77,0.601933729583,0.273503560906,0.849986789017,0.820138936574,0.739139641145,0.64264993286,0.113915714045,0.758616014606,0.660610646986,0.34700531797,0.627278124951,0.551314544957,0.920981970772,0.416352479621,0.266370291391,0.236032201813,0.795436737122,0.890601575598,0.360174146903,0.573256922154,0.247432173147,0.128398920104
78,0.594897765596,0.273470092646,0.846109869332,0.823182512249,0.743289595515,0.640015857347,0.108373241906,0.759722123304,0.654548098401,0.34700531797,0.627278124951,0.534012913203,0.912700565527,0.414255247187,0.267571997876,0.238425502875,0.789725473022,0.883218947108,0.358410070907,0.573883230835,0.25192120256,0.125715243707
79,0.605454635457,0.272745092868,0.852370632189,0.82661863806,0.750108351464,0.645703747863,0.114641972648,0.761959934526,0.665394734291,0.39148208801,0.627278124951,0.542281948487,0.914200425741,0.423587862448,0.272050171829,0.240369678823,0.799747663475,0.889664599013,0.362798486907,0.577937867344,0.249653887765,0.103662825582
80,0.597581271317,0.271047450561,0.84900288007,0.826409737968,0.747566278673,0.643915778705,0.124857218716,0.758543329248,0.657310527799,0.398353461284,0.627278124951,0.529948291576,0.910593737581,0.42613372732,0.271585578356,0.244490197438,0.792534198203,0.885987273375,0.362190133828,0.575320142234,0.254514524283,0.123824689282
81,0.593044482012,0.277570831931,0.846733287953,0.82762248581,0.752775433682,0.64819190981,0.121005881064,0.760339409491,0.662699530595,0.391938788994,0.627278124951,0.540903859592,0.907497256503,0.424155201154,0.274922180232,0.245350107771,0.807723585299,0.888396929553,0.369828268834,0.584980045079,0.253252754594,0.112710069122
82,0.591733920807,0.277416183713,0.849570298802,0.828970752648,0.759911202285,0.646410715976,0.118694999965,0.761490121913,0.658399079974,0.394438565268,0.627278124951,0.527914032127,0.910495004625,0.422860565433,0.273115467964,0.247887824666,0.800227148658,0.885175805716,0.368351442352,0.582276844057,0.254827533517,0.124013566136
83,0.590161682424,0.275670411031,0.845567945521,0.834291662613,0.753979603559,0.646199081723,0.118440882742,0.764197695503,0.660109275262,0.394438565268,0.627278124951,0.528597529752,0.909253728963,0.422069348899,0.272191647919,0.247583074856,0.805936746917,0.88816035939,0.365459123196,0.583901658763,0.257524700964,0.114912441602
84,0.581908550335,0.272607772131,0.85315326477,0.842003985235,0.754398192327,0.649666618239,0.111491046769,0.772725138915,0.663119864324,0.383556488914,0.627278124951,0.520155148973,0.912791750943,0.41665385451,0.26934379932,0.24368853384,0.805777612454,0.877727292356,0.365479487678,0.578366086244,0.251377790408,0.112851537539
85,0.597101420188,0.268406648224,0.853152008361,0.84299493314,0.75646867379,0.649227351798,0.109850130611,0.773762151303,0.670529385096,0.386587954909,0.627278124951,0.526712395314,0.911322829082,0.419386142771,0.269461941411,0.245558024102,0.803946014922,0.886532765232,0.365496390473,0.581452857736,0.251300702429,0.106595537472
86,0.605651250451,0.268833024711,0.855457428961,0.846395595704,0.761287307389,0.653338844892,0.116197333361,0.771612672882,0.672685026989,0.388468399417,0.627278124951,0.522931329471,0.910254336953,0.427808692049,0.26960646341,0.246012488628,0.811319909244,0.887752649597,0.365483898448,0.581165243881,0.256441063045,0.110060745432
87,0.610778853331,0.27126885496,0.866697491393,0.855458480369,0.756794184319,0.661374264026,0.110432095575,0.776761471022,0.675128023504,0.392244909052,0.627278124951,0.52838344547,0.912572696855,0.423240614849,0.269013908268,0.24850913557,0.814267938568,0.894058993363,0.366806983968,0.583210729767,0.2571669853,0.111899257304
88,0.61119414574,0.266807445517,0.874898659624,0.861435392263,0.761476786249,0.666159812815,0.103742937695,0.782909957865,0.680188877009,0.392244909052,0.627278124951,0.530122746514,0.926265233558,0.420611445889,0.269262554213,0.249750492608,0.822762080702,0.900158495627,0.366647960191,0.590246232129,0.26085980156,0.105126700267
89,0.601322337135,0.25989023469,0.86520074566,0.860703437748,0.763223330559,0.66091863621,0.10436101328,0.780576675827,0.682124873234,0.392244909052,0.627278124951,0.529669036017,0.917422795781,0.421396774413,0.26664200921,0.24956051183,0.817974228564,0.897727573264,0.364347823778,0.58855534587,0.260612544244,0.0947110367292
90,0.594424210145,0.261849985534,0.868362721038,0.864345201699,0.757097122279,0.664917964161,0.102039631723,0.776981701974,0.680595043616,0.392244909052,0.627278124951,0.521921897896,0.915283026786,0.416306642047,0.263626932508,0.248191997915,0.821119820937,0.897449226267,0.361357579195,0.586707855337,0.263742823924,0.103076439637
91,0.586446311605,0.253210128945,0.865539468554,0.865658809151,0.764986456688,0.657724247876,0.094394466718,0.776758305418,0.683167935052,0.410646400184,0.627278124951,0.516540627069,0.922279929019,0.412048071717,0.260397383995,0.243740086535,0.818745863178,0.898443403434,0.361430532989,0.591259788953,0.261062282433,0.102050072281
92,0.585126958237,0.247799001788,0.864441612972,0.865652506669,0.762809631178,0.656602555573,0.0987592198118,0.772690884503,0.678741525231,0.411402086417,0.627278124951,0.502889093996,0.91806758831,0.412103801346,0.259559003418,0.24457287634,0.817605909076,0.894769221933,0.359607518475,0.587475359799,0.259351165631,0.0996063659091
93,0.616335515552,0.258339544454,0.881818401753,0.867634947341,0.75934599212,0.664849041478,0.116363453823,0.778192700624,0.684974763794,0.419800419974,0.627278124951,0.528587123288,0.927489812101,0.422131740248,0.259935499757,0.246377397615,0.82415189895,0.906206748432,0.358671406808,0.584640323604,0.271035146891,0.100030152386
94,0.616457607969,0.262362086323,0.878181230698,0.866459905024,0.762272140839,0.665479363803,0.117319209057,0.776200574201,0.683543893606,0.406794156162,0.626418243858,0.531763988121,0.933722655784,0.431629211684,0.261173853016,0.245518349267,0.83351979457,0.906999274626,0.365236473512,0.596265894552,0.264271674943,0.101619193135
95,0.619524863767,0.256548943357,0.872372133923,0.865438008588,0.764168205667,0.665625489543,0.121280911841,0.775182411085,0.689322235263,0.410125337425,0.626418243858,0.532222963592,0.925315649865,0.435393802123,0.263088664913,0.247054269851,0.833828229772,0.905498350309,0.366023628312,0.597944355524,0.267908240711,0.0994700573945
96,0.611818390181,0.260812414163,0.863643162099,0.856268993573,0.75952652627,0.661995605951,0.128143439404,0.766891745974,0.6900651207,0.406657590427,0.626418243858,0.53206762611,0.927104055343,0.43851947326,0.264076628015,0.248582975724,0.83149793012,0.903244078751,0.369073710078,0.598314144267,0.267985569119,0.0927981386709
97,0.604854776365,0.26251668807,0.856935864788,0.85752079205,0.753596827395,0.658378730422,0.126870370396,0.772164881341,0.685021722222,0.410739588626,0.626418243858,0.514687071886,0.934402514336,0.436379467461,0.266023931034,0.249966303295,0.827060470684,0.895697149207,0.367261243297,0.592200016985,0.266290383781,0.100449250207
98,0.604077897219,0.259789859314,0.855303936245,0.851200693689,0.762229989903,0.651427437729,0.126578261344,0.775294179723,0.691413925132,0.40107266406,0.62605734527,0.526609168704,0.931738916214,0.438461135453,0.265570418159,0.248284935906,0.827536876755,0.898913030334,0.369677672586,0.60096483363,0.267675551378,0.0991558183055
99,0.606660595618,0.2574554937,0.845467809447,0.848969927726,0.755394272475,0.653956796851,0.12521610842,0.767582084271,0.687131867386,0.396791288055,0.62605734527,0.526732179952,0.938182146237,0.437275072517,0.266559326354,0.252501888615,0.820917219541,0.897492967983,0.369567224869,0.595342598646,0.265436144143,0.0864509480344
100,0.615386958109,0.256792585209,0.854000037511,0.853472946781,0.751176860231,0.663356742916,0.125360611291,0.782276855402,0.695435457367,0.404414540431,0.62605734527,0.527103230828,0.923539083418,0.426349663113,0.268706321094,0.254777002947,0.833962332481,0.902367487298,0.374680047012,0.603007613477,0.263696238121,0.0884164541622
101,0.617827053387,0.261964512503,0.853486736887,0.857798937967,0.757527970745,0.668619964337,0.126916144466,0.782140305926,0.701973388855,0.403746661711,0.619381809886,0.528053979019,0.930038669658,0.429510023688,0.269592085037,0.255612393727,0.835835595518,0.903918133677,0.376263443521,0.604299912751,0.26061357896,0.0766849950895
102,0.617061979428,0.263712986975,0.852644084406,0.850580387601,0.757652184919,0.659963639479,0.11945944714,0.785304147998,0.706977549026,0.403746661711,0.619381809886,0.527374822145,0.926821512817,0.434680971105,0.26898709319,0.260524803362,0.832037098298,0.905414126762,0.374351862168,0.601121945851,0.269108388514,0.0822189264771
103,0.604184273981,0.265563829274,0.852451151039,0.850545044406,0.755380907652,0.657097817115,0.114004540367,0.785770099706,0.698983243181,0.403746661711,0.619381809886,0.51509110831,0.904483229971,0.42676957962,0.268855165392,0.261406599528,0.835853384312,0.902576991008,0.374116342568,0.603121232218,0.264180793752,0.0862074044983
104,0.623853280811,0.270886651865,0.865170568203,0.85654614309,0.758198194199,0.67018956523,0.109564361724,0.797256168524,0.713330604913,0.403746661711,0.638506488606,0.526626552357,0.917095205824,0.430597765039,0.269125321069,0.259848843388,0.843551010297,0.911788797773,0.373681724996,0.608450623406,0.265268117433,0.0822860329805
105,0.620967588854,0.264819166965,0.865833729324,0.858366693405,0.761754717792,0.669017091338,0.105394804654,0.799896041184,0.716233477886,0.403746661711,0.663945601267,0.526856172654,0.936446774139,0.432070566487,0.267741307334,0.258500539194,0.845872861109,0.911146373249,0.37351688486,0.609966231579,0.255946981711,0.0870284615077
106,0.606717381883,0.26045685778,0.857070372855,0.859274456015,0.758539947211,0.661957982439,0.0951233888116,0.806010901171,0.715417398239,0.403746661711,0.663945601267,0.515696927987,0.932077060037,0.420237890832,0.26562918623,0.256476772182,0.84565601825,0.909664199206,0.36978892573,0.604253483674,0.255121477508,0.0827221697031
107,0.606661045792,0.256615958786,0.862230037379,0.86222131546,0.755534436221,0.670036672811,0.0867252214793,0.810502563052,0.720618891187,0.403746661711,0.663945601267,0.510001724335,0.939505358618,0.416774695671,0.267820096956,0.255836650883,0.857811977686,0.911175884452,0.36945939301,0.608880933872,0.262040069699,0.0828636103571
108,0.598604507745,0.260044115776,0.860537876767,0.865426086485,0.763521145736,0.668786004373,0.0865407553171,0.809891979924,0.715553483258,0.421820325113,0.663945601267,0.497671740686,0.949311327277,0.416577623742,0.265512198802,0.256622063052,0.849362892982,0.906118122248,0.36700095405,0.607339461651,0.256746447175,0.0830535133826
109,0.610873889282,0.258836794781,0.872137308053,0.870328348748,0.761413417908,0.672240437902,0.095237314193,0.813357919972,0.720996468406,0.421748333099,0.716874375542,0.517901482723,0.956350710091,0.438783082084,0.270436957727,0.256205226917,0.86441453557,0.918000857042,0.372909343669,0.61548045232,0.257428643953,0.0747503778238
110,0.604445722239,0.254807471005,0.860420316301,0.87025842287,0.761409897109,0.677810038185,0.0891411571028,0.818537575771,0.721306807947,0.420405753307,0.673753588514,0.505267693691,0.963306617892,0.42478278562,0.272071270587,0.261601902126,0.869918722344,0.913790738214,0.372382091307,0.612085462368,0.256444101488,0.0745403691596
111,0.615412701043,0.252450350681,0.867953489576,0.873894876987,0.76728985467,0.676704090105,0.0914658925453,0.819871477838,0.727677454541,0.42567517769,0.673753588514,0.513595941529,0.972285342127,0.443056049979,0.275035524536,0.262823191147,0.880613495591,0.91792984427,0.376660155061,0.615240750825,0.25885968695,0.0733759261435
112,0.613288667551,0.248530286745,0.863576530226,0.875270225837,0.764156179115,0.678771002523,0.0951067880417,0.822226699323,0.723769094428,0.430888559324,0.686645177108,0.511513906964,0.972637481218,0.451562497184,0.277626610251,0.263136324373,0.888290916599,0.920302170734,0.382266635941,0.616380820288,0.263344923611,0.0802924599111
113,0.622367992541,0.256425888767,0.864225641017,0.8727821822,0.761109394787,0.680595963106,0.109826983014,0.818972026582,0.724644577512,0.434678967755,0.686645177108,0.513028617972,0.979757508955,0.454321799879,0.278591015998,0.26295345569,0.892560249003,0.922474007673,0.380152407576,0.617510769973,0.261943218852,0.0689953755919
114,0.607697372964,0.250010125731,0.853327574729,0.872449281975,0.760898118739,0.688714905159,0.106917164466,0.812625612143,0.722835908808,0.429132903717,0.635594061723,0.502281350053,0.967874725647,0.445039320134,0.277373389236,0.25570559001,0.896573631889,0.917891503223,0.376406582247,0.61544617968,0.259513931579,0.0766989845158
115,0.624337758706,0.262279708665,0.853774877735,0.86926241295,0.757405382911,0.69514974573,0.116272965889,0.813832997949,0.725153227734,0.43795503937,0.660841769934,0.514188877544,0.981551830614,0.458726493603,0.280623439874,0.254294679519,0.89821607411,0.928703537523,0.378726250531,0.618267014676,0.256691045247,0.0719369227051
116,0.607843674552,0.259841988237,0.847689217712,0.865234646258,0.752772731884,0.688686294152,0.116015254958,0.812203431454,0.722784546334,0.428310667905,0.660841769934,0.505036254427,0.978911851837,0.446112639402,0.27943391802,0.251677324687,0.88933118336,0.916092072057,0.374964646153,0.610283754068,0.257469814747,0.0720398768201
117,0.60852466433,0.265238877177,0.841619551488,0.869140550532,0.749650856533,0.693960694362,0.115398980485,0.813765840046,0.728987093996,0.443032900863,0.660841769934,0.49667087596,1.0102342777,0.444495068021,0.281882164511,0.25073511316,0.889711556155,0.911631247648,0.378313764283,0.611205650426,0.251833830933,0.0634578695725
118,0.601582194756,0.260805024714,0.835214311777,0.863607418786,0.74397943749,0.686575994113,0.121150243148,0.815382513674,0.728083891365,0.443032900863,0.636624752324,0.490957856392,0.996970190945,0.457949286186,0.285289409851,0.251650219242,0.884234661487,0.903878176719,0.38408679304,0.614370599774,0.259187617591,0.0624936378545
119,0.613204157837,0.261356526435,0.841920571444,0.861460625727,0.74288430545,0.690336254826,0.12761073533,0.812171579293,0.731420818995,0.437103781451,0.657367972686,0.499722998428,1.03235907349,0.472503873473,0.290878390573,0.249935956405,0.894432047757,0.91036943926,0.391325641224,0.616875366322,0.255964268537,0.0748114391503
120,0.599106335951,0.258052363293,0.833714622007,0.858035831809,0.742700364742,0.683524203022,0.127019875149,0.811594806202,0.728092514036,0.437103781451,0.631866511775,0.487004824803,1.01211534023,0.468097280157,0.290501434065,0.251592520184,0.884964371347,0.90321399632,0.386444999755,0.61316149468,0.262796208741,0.0696957705099
121,0.603681481778,0.263020578114,0.835462285822,0.857058302936,0.74112047343,0.683695561517,0.133606022772,0.814105749178,0.73297442693,0.437103781451,0.637159197826,0.48918911104,1.02059090572,0.476316155491,0.291751718012,0.248730343871,0.889435484997,0.905084068854,0.388275336737,0.614408763225,0.261464099727,0.0668964478048
122,0.619769204945,0.265666532681,0.85129924667,0.85835940126,0.741483396845,0.682734234141,0.139840738254,0.814579860766,0.736716782751,0.437103781451,0.626615431454,0.497620416592,1.0048221114,0.482104017973,0.29024252075,0.24671930004,0.883191873612,0.906112325739,0.389406970629,0.613487649105,0.255039469439,0.0751899603257
123,0.597763224951,0.263776341634,0.847975137076,0.859437987183,0.739815262729,0.680359549062,0.133060504842,0.82095596981,0.739662014421,0.437103781451,0.622277334778,0.485558108608,1.00474514236,0.465384264301,0.288576955014,0.247569301626,0.883787108246,0.905695526656,0.387885021441,0.613054172261,0.256446226635,0.0810169820691
124,0.600400884165,0.263623292531,0.843489241911,0.858727686844,0.741309126258,0.674655433425,0.136529515477,0.819241155223,0.738574690648,0.437103781451,0.622277334778,0.490969488136,1.01102400624,0.463553004283,0.287488305774,0.25000408452,0.881338972808,0.905566118306,0.387387864123,0.616423341839,0.265829570031,0.0750330421433
125,0.599034799215,0.260390422799,0.848338331199,0.857238622205,0.744303489785,0.673184049765,0.137529603846,0.820456395247,0.74121147036,0.437103781451,0.638233469577,0.486754408017,1.00530729042,0.467909422516,0.287768885089,0.24833032244,0.882109090431,0.905300408665,0.388094495336,0.618688798036,0.267824133107,0.069986259012
126,0.588439745143,0.263189157726,0.838953625865,0.85214007533,0.74621450891,0.660740494789,0.133074133888,0.813878021668,0.732845142926,0.437103781451,0.646707457162,0.480914826448,1.00074652196,0.461964390647,0.284062347895,0.241272438029,0.876602445866,0.903555739485,0.38460313309,0.60939705007,0.258754040491,0.077203873232
127,0.590770047016,0.263342483689,0.836311296655,0.849398434623,0.750176620843,0.662584660746,0.14063943608,0.807454311224,0.73552381238,0.437103781451,0.606683665132,0.479942351813,1.00268510295,0.46965829286,0.285331389399,0.244210628825,0.872016774561,0.902414318749,0.385388378806,0.612248563525,0.258922139512,0.0742151951473
128,0.593863180102,0.259717325133,0.829887311194,0.846206876253,0.750329148046,0.66340696485,0.147027356822,0.796607920238,0.730084800574,0.437103781451,0.577582816502,0.478392782876,1.00306295568,0.468009189162,0.286706867566,0.242279420061,0.87394308735,0.904941950369,0.387882691553,0.617682849623,0.253223776872,0.0674470688688
129,0.595976124309,0.257513505064,0.843166550312,0.851629805056,0.750541157403,0.664346062792,0.145198831558,0.798590227935,0.731660002825,0.437103781451,0.563900961664,0.481200593075,0.993276191707,0.466728247325,0.28609523236,0.242549717881,0.873726220454,0.906460662851,0.387517660651,0.619134988175,0.256213267695,0.0734833294402
130,0.597061506246,0.255063049189,0.844325989242,0.849081893958,0.753959921008,0.66148788158,0.144582919455,0.797599094561,0.731525142755,0.437103781451,0.572167706954,0.476834867391,0.990048611978,0.477281487894,0.287203563758,0.242446292005,0.872303473724,0.90737248453,0.387784968091,0.622029949655,0.253549722603,0.0779954619315
131,0.609552229828,0.260974264397,0.844109253318,0.847803861008,0.756269481317,0.661316656707,0.151600531979,0.795758289881,0.732399489905,0.437103781451,0.572275735868,0.483213004189,0.997080010321,0.490276560161,0.289527197208,0.243423713752,0.879579201049,0.91125274959,0.393310214646,0.625459824987,0.264425551258,0.0779954619315
132,0.597193614937,0.253565875837,0.830442313622,0.843495677725,0.747049509032,0.655036174274,0.147115918282,0.790393912382,0.732671636607,0.437103781451,0.606778433365,0.473355023413,0.971733764722,0.472682664157,0.289857116541,0.244460701088,0.876785039494,0.908587070792,0.391042441105,0.624405277245,0.26325124466,0.0723937671003
133,0.593192366473,0.2565653155,0.831464915611,0.842464073125,0.76083379856,0.657372138928,0.154175103395,0.79050636955,0.736020716244,0.437103781451,0.593515099929,0.470508162332,0.966885436277,0.471532186894,0.286834994399,0.243790209743,0.876249756948,0.912639311944,0.38709934312,0.623237118899,0.254780152702,0.0736353595896
134,0.59588240988,0.258029224816,0.830973151993,0.839387677853,0.763569918155,0.646172188679,0.153048632898,0.788201928931,0.736532433211,0.437103781451,0.593745367125,0.471876492429,0.966578214119,0.475164380051,0.285855402082,0.243830815104,0.872192081843,0.909810871161,0.385616583561,0.619965180733,0.259926936337,0.0677401729604
135,0.599077763571,0.255719467306,0.833834430338,0.840346132505,0.757435306288,0.651289438684,0.161947737033,0.786654870273,0.738871144079,0.437103781451,0.564202445282,0.476807191481,0.942392152511,0.475736371019,0.284825862087,0.246111089302,0.874729395671,0.914364031221,0.383855032662,0.624110947763,0.258624750216,0.0690722867048
136,0.601861766442,0.257194425685,0.832026312346,0.843370428911,0.755325120178,0.650155770269,0.161103651053,0.785620924813,0.742719994066,0.437103781451,0.563047051992,0.471844254011,0.929304484637,0.468978366673,0.284593211573,0.244850169138,0.877466518235,0.9147765451,0.37962084333,0.62247572642,0.256620122289,0.0684762790488
137,0.613239300125,0.264971893234,0.838428288889,0.841327271939,0.75285662543,0.651479294441,0.174324727107,0.785344749123,0.744855543477,0.437103781451,0.584120127157,0.483941938743,0.93279047731,0.480886889425,0.284625816955,0.247232391496,0.872912108891,0.920090699363,0.378725162601,0.619614768694,0.256779147441,0.0626438428327
138,0.600928012548,0.266519311118,0.831889047272,0.835609188897,0.744845671173,0.643804953415,0.186130376737,0.775379174496,0.73676307216,0.437103781451,0.549528826274,0.469636985695,0.92929202841,0.473033700221,0.2831460798,0.247783174488,0.866066590347,0.915648431612,0.376146202528,0.614300896004,0.259498482102,0.0648362618935
139,0.595537823456,0.266481332485,0.833473580254,0.835815947433,0.745003915071,0.646037885037,0.188872123311,0.771879005283,0.734518017397,0.437103781451,0.547888555204,0.476589561601,0.915725529937,0.466532955309,0.281660181637,0.246698521812,0.870654511578,0.921139372428,0.375567112105,0.618504397352,0.260131812561,0.0732339964622
140,0.60377017878,0.271161821352,0.832619171487,0.83664348389,0.746888524291,0.645869084248,0.192746914426,0.771741627295,0.740931795952,0.437103781451,0.541483020189,0.470415619046,0.909064404062,0.466118712099,0.281066409267,0.248029796884,0.868440884909,0.914005598687,0.37856065286,0.617218480933,0.267373528817,0.0619574511584
141,0.600842680287,0.278746177445,0.833627123794,0.834265163219,0.75137985747,0.651294583732,0.200813325157,0.762824181108,0.741376548794,0.437103781451,0.543164380817,0.468256350978,0.913271658304,0.476757269484,0.283203850964,0.245879997298,0.86724059273,0.917446885397,0.379095560652,0.616612954972,0.264768043712,0.0595693497382
142,0.609478980841,0.281342290502,0.831006025414,0.832729535524,0.749145449071,0.649357899411,0.198526769318,0.75855316525,0.741600813241,0.437103781451,0.55980120106,0.472715042257,0.918939643348,0.475882234867,0.282571264192,0.249095503609,0.867838601732,0.917122550185,0.377224953177,0.61497077691,0.264768043712,0.0606796523348
143,0.600552490722,0.287725161311,0.825943894452,0.831001777446,0.74746877594,0.6468682634,0.199023134515,0.761282412722,0.746322901955,0.437103781451,0.526943949719,0.452021097775,0.923567494941,0.469123305021,0.282638683718,0.250657389146,0.861869508583,0.909371355174,0.379419502906,0.611270288423,0.264768043712,0.0557942272179
144,0.603067536989,0.28036200802,0.828073973622,0.826043910657,0.748256753536,0.644145080864,0.205497463905,0.756518348804,0.748912206561,0.437103781451,0.529274274958,0.455635117363,0.910482487379,0.487575329931,0.286149349557,0.251650016683,0.856277673764,0.90895692557,0.383658240676,0.611179755427,0.26537827785,0.0589434327703
145,0.607433958474,0.289804886804,0.827291325867,0.826766503903,0.747211586951,0.64695181972,0.198535361734,0.765267298702,0.753559117855,0.437103781451,0.524764242308,0.469495547287,0.924047531181,0.487013033578,0.288892747558,0.248608850061,0.861306026662,0.910424740793,0.381420176222,0.61026947248,0.261156680034,0.0610404359104
146,0.605985859271,0.277814136824,0.830810332289,0.826905287447,0.750279168066,0.641611784952,0.193200467561,0.77338361335,0.759046254812,0.437103781451,0.56890244375,0.4703778313,0.932201185298,0.481784216617,0.28720658342,0.249221635695,0.866789532343,0.914347202702,0.380367264609,0.615658075129,0.265476510019,0.0610404359104
147,0.599092435854,0.278000430844,0.828811560725,0.8246565398,0.739217657302,0.635218381141,0.189529089667,0.772781688703,0.753705656888,0.437103781451,0.576435682069,0.465269704527,0.942942840952,0.475878188585,0.283577698403,0.249503401844,0.857562511126,0.90816789994,0.376012463738,0.605610879182,0.265883545673,0.0621370442213
148,0.597695934161,0.272877478926,0.835603079298,0.827199899002,0.730656490178,0.638495275541,0.182937496193,0.777293610037,0.757873961023,0.437103781451,0.590298217056,0.467389975568,0.932458404686,0.480517559471,0.282827313214,0.248003634892,0.868747487692,0.915431024795,0.378289727985,0.614723767617,0.263205950113,0.0621370442213
149,0.58970061428,0.27002046648,0.836023098153,0.831922081624,0.731450916136,0.640129941524,0.170660896233,0.782191816677,0.76050133065,0.437103781451,0.601818780062,0.462270316319,0.92965972637,0.465896100473,0.278248002583,0.24550165524,0.866723200897,0.913755823011,0.372508349865,0.617051888674,0.262031445366,0.0588603622501
150,0.602276815813,0.271968461676,0.84224870103,0.833304409534,0.737016632219,0.643530835097,0.170156792487,0.779893206157,0.763218909366,0.437103781451,0.605458449624,0.464460687168,0.917815465856,0.478356375941,0.276933119047,0.247654880672,0.863332750767,0.914573313455,0.373489187619,0.61490133571,0.256478269516,0.0588603622501
151,0.605274767645,0.273398946854,0.848261436819,0.835634904592,0.732715414031,0.644816718945,0.169699556997,0.779735024063,0.76344884,0.437103781451,0.586882706418,0.466073816395,0.921090202491,0.475802625845,0.274068806399,0.248808195897,0.865317687958,0.918362920353,0.370649532935,0.617279697211,0.258221933748,0.0588603622501
152,0.606812293674,0.281754537799,0.851866624385,0.833702688246,0.734687054235,0.641705906619,0.168537756554,0.780931132789,0.769599529668,0.437103781451,0.62571201825,0.466858358928,0.911404187852,0.474533089329,0.274681299174,0.249035992405,0.871594434265,0.919970881488,0.377966958213,0.62089624487,0.255854962054,0.0588603622501
153,0.611862080052,0.28500832254,0.840237276749,0.83401194265,0.736792045085,0.646823137536,0.173252723968,0.771918541585,0.770925683286,0.437103781451,0.549594907059,0.465625397117,0.921751051486,0.468818790431,0.275004168087,0.251761290635,0.869772441667,0.915903782731,0.378383668739,0.623353081376,0.259065007886,0.0551583971743
154,0.603559981749,0.281896919025,0.838673912999,0.830472765979,0.733446822352,0.641790160293,0.170792238156,0.763886535709,0.763028269207,0.437103781451,0.509548250354,0.459195861434,0.90630651639,0.471328230578,0.273937454497,0.249901397736,0.864165240802,0.917073613036,0.377806604308,0.619068930649,0.258786393936,0.0448261830749
155,0.60544850112,0.284282589594,0.838788398898,0.83374285025,0.727067749095,0.642754015379,0.159353763674,0.771722933609,0.768248413287,0.437103781451,0.509548250354,0.465915505556,0.892638468475,0.461267966996,0.271775073793,0.248270467824,0.870824413244,0.921335412577,0.374483216414,0.621110517881,0.258156245099,0.0493105677225
156,0.606703368335,0.280676343005,0.833165552667,0.8336480472,0.727902329234,0.642421129357,0.155844730607,0.78024724377,0.766206834052,0.437103781451,0.580367184709,0.463915264768,0.900863934568,0.458531985384,0.271557263459,0.249821630341,0.874299617913,0.91907147693,0.375173485216,0.619865295491,0.257961913348,0.0518502484818
157,0.608979380752,0.271744004075,0.832798287365,0.832782235458,0.726871706121,0.638067980216,0.150956241948,0.783919802113,0.769122435705,0.437103781451,0.580367184709,0.465931926261,0.885838209199,0.46096076915,0.270498642322,0.251519376382,0.872939766164,0.917431165747,0.376422418697,0.621034188948,0.263051561559,0.0520881981369
158,0.601588143909,0.277882731446,0.824887514457,0.834982583119,0.717159392537,0.639856786066,0.156544782301,0.784610008211,0.766191110946,0.437103781451,0.580367184709,0.475649475766,0.861154920902,0.460617638337,0.274411592651,0.250261053292,0.881767678153,0.918021716461,0.379092964765,0.618936675997,0.260691954171,0.0457604183129
159,0.610766115947,0.27861498995,0.833744058666,0.834609383357,0.727976506345,0.643172572403,0.155698993626,0.783908141449,0.769933975762,0.437103781451,0.630525246289,0.471606281362,0.854007413658,0.466107957974,0.27342817576,0.253546634286,0.880056184139,0.915639739636,0.382428292534,0.623098667099,0.263327476777,0.0479191351435
160,0.609354015627,0.282305243861,0.827124946123,0.831517597643,0.729247437459,0.6412773946,0.156179339621,0.783775259515,0.773811750199,0.437103781451,0.631324155175,0.473237550275,0.859704022675,0.46667817936,0.271953006723,0.252995765653,0.870844304718,0.911891485346,0.381452196489,0.622845645302,0.267947744484,0.046772722649
161,0.604056910121,0.281140634404,0.824036585074,0.832168871145,0.722603355169,0.63789396226,0.153894937194,0.782604125955,0.771377860145,0.437103781451,0.631324155175,0.462860659088,0.859797342542,0.467970914116,0.271475129447,0.251830732978,0.873042436463,0.908572886219,0.382575572148,0.624753302718,0.267278034285,0.049639296079
162,0.607860019207,0.280195744666,0.826229533841,0.830181111512,0.720032776327,0.635788768748,0.144336395967,0.791639741093,0.771387810395,0.437103781451,0.631324155175,0.464113200427,0.880137699456,0.460131250361,0.271508091312,0.247810055959,0.873695068833,0.907685061907,0.381680883053,0.622297822858,0.267307961282,0.0402960476302
163,0.615293064914,0.280202816745,0.828522019959,0.82893253249,0.721938897981,0.635441749834,0.152536827811,0.787174298492,0.776721220963,0.437103781451,0.57905939809,0.459584818057,0.882937696977,0.463193341566,0.271108047676,0.249330170443,0.870400229284,0.909598309442,0.377455004163,0.620191587814,0.263115211437,0.0424884018368
164,0.601273100528,0.28001677349,0.83094110747,0.824336250191,0.72035959679,0.635601471022,0.160340637161,0.775550403031,0.771660716508,0.437103781451,0.57905939809,0.461641564636,0.879575742081,0.472716858149,0.271589479212,0.25069201368,0.872775254959,0.912785233982,0.376563407075,0.620597982793,0.260952928765,0.0396034249298
165,0.605159051139,0.274718480142,0.830133309415,0.825562612378,0.715289137519,0.638637098493,0.157443294206,0.774941664377,0.771804719344,0.437103781451,0.619382733488,0.45272774736,0.876396983337,0.465963912834,0.270421359903,0.249509522554,0.86910373012,0.912977297362,0.375390607073,0.619227935426,0.263552071282,0.046586714823
166,0.626740140925,0.284308347463,0.834992067779,0.822321414798,0.714323771723,0.638781352449,0.168401416075,0.780084324714,0.77887804397,0.437103781451,0.536795616521,0.478127899088,0.886735986921,0.485460904663,0.272839514226,0.251812087516,0.874955841805,0.918330985984,0.385044473242,0.629402930627,0.264066443301,0.0481683019853
167,0.626652295404,0.28388724226,0.829474039582,0.81582587528,0.711530703811,0.63262239796,0.1752545184,0.773392374545,0.777091823152,0.437103781451,0.537886145127,0.475434299532,0.870010969437,0.491596927005,0.273268106873,0.248168090547,0.873494144884,0.91733857518,0.383616812745,0.622782474906,0.267271716302,0.0484303703723
168,0.619071481799,0.284930945404,0.817661899217,0.81401651817,0.711378464371,0.632349963855,0.170679526921,0.767642943174,0.776608709703,0.437103781451,0.526348340523,0.468411352788,0.858827293282,0.475783052309,0.270706665939,0.246720243495,0.86509099245,0.911452805809,0.379725292335,0.620672222094,0.268488420755,0.0454070575384
169,0.62530842533,0.27529506291,0.826735961,0.813568532756,0.70899003101,0.625599894759,0.169541925245,0.773994104828,0.786769667689,0.437103781451,0.595772492546,0.475685833398,0.855392741508,0.486146446941,0.272969231493,0.249717328234,0.869018704792,0.912990507914,0.385247446429,0.623341019761,0.265214356325,0.0453317054719
170,0.614283877323,0.277911338926,0.818403026551,0.80899631701,0.704541859408,0.629817984469,0.178875244549,0.769522596404,0.782222292644,0.437103781451,0.588933980932,0.467154714669,0.851859887188,0.483987069437,0.274090230537,0.248657692581,0.867167216335,0.911750670798,0.382998427177,0.622875113226,0.268450593392,0.0494471522451
171,0.614435442334,0.279939969748,0.827260197706,0.814024562884,0.70275410457,0.637783957892,0.181418294197,0.778760478349,0.792135238144,0.437103781451,0.581835560285,0.46652448841,0.851120300005,0.476365427648,0.2747236623,0.247877617901,0.873808319444,0.913363366371,0.3863616702,0.622828100862,0.271643607213,0.0462813875211
172,0.613759436225,0.280133908626,0.821124573315,0.81362511072,0.706868272758,0.638440081075,0.18257788928,0.779033195985,0.796417247227,0.437103781451,0.599924067972,0.476172946362,0.863596156452,0.476759952952,0.276686333517,0.247198625476,0.874277264211,0.911426281275,0.390551975584,0.625972412596,0.266018747219,0.0359267949553
173,0.6200067371,0.285475147477,0.824334705728,0.809848629183,0.711491645705,0.639654756324,0.19559351841,0.772697661523,0.794760397181,0.437103781451,0.584593954766,0.472436440844,0.879022806494,0.487276329196,0.278387329545,0.247787537088,0.874494140414,0.913141916574,0.38883856193,0.624835486683,0.273836817021,0.0387285879394
174,0.611471106002,0.288473989504,0.823339754407,0.811089053229,0.70997884539,0.658127820882,0.198848590737,0.770193692428,0.791933822605,0.437103781451,0.522008845778,0.473239981378,0.882479310676,0.474514389022,0.276989457454,0.246139199904,0.875101892843,0.915323481718,0.385363801022,0.621263520833,0.270079855266,0.0402131844854
175,0.598660287502,0.279315190657,0.814468881266,0.812570422563,0.714495086308,0.652354542198,0.196853972715,0.773057376867,0.790169815596,0.437103781451,0.528766264652,0.4575386125,0.876083790052,0.473808484898,0.277312955459,0.248950525336,0.876300603545,0.91035630017,0.386163474541,0.624836674016,0.273600220988,0.0442736562232
176,0.603047408657,0.285379849764,0.815212926273,0.810429946465,0.719463255806,0.650171605032,0.205387450647,0.768746046472,0.790003273344,0.437103781451,0.555896524018,0.454311376536,0.880745613147,0.476441614902,0.279067561138,0.248120972677,0.876002882573,0.911263784883,0.390070169614,0.62470222841,0.270826948351,0.042400830983
177,0.610163988698,0.280247048655,0.819903118206,0.815928879208,0.718533880504,0.658405604109,0.208013873939,0.771007669028,0.791755985169,0.437103781451,0.543774204077,0.458898787137,0.883282669067,0.481911831516,0.284487888514,0.252021645174,0.880937351551,0.912987221337,0.394100403752,0.632343187564,0.27257712735,0.0465960993847
178,0.616663762498,0.279244905877,0.815350422233,0.816994137363,0.712202341398,0.652656346053,0.208059537683,0.774602799896,0.795608448457,0.437103781451,0.542552586276,0.468605199423,0.881701831096,0.478852045467,0.284766780199,0.246793502052,0.882572497808,0.914764167018,0.395714801534,0.628924152716,0.272327779544,0.038469209974
179,0.600782964198,0.282485367865,0.80461644129,0.811093599507,0.716002263706,0.645370485366,0.214288281403,0.767270103165,0.790829355507,0.437103781451,0.546171252158,0.455372090022,0.860531222674,0.478497878454,0.286606271526,0.249696900646,0.878815149016,0.905973322316,0.399005860165,0.627142936153,0.27291945698,0.0365586430707
180,0.600697252393,0.279573799944,0.813782421107,0.814557358904,0.715733595628,0.653516567828,0.215274936202,0.762520599667,0.793069417779,0.437103781451,0.529694508643,0.450869263302,0.850965195261,0.481253322994,0.289352991122,0.252143399306,0.883470230495,0.906150743417,0.396732460156,0.629574663178,0.275768139812,0.0373022521437
181,0.611835105781,0.279122371418,0.817993363983,0.819174756401,0.712843776073,0.658462806487,0.217021938005,0.763665600206,0.800483512451,0.437103781451,0.539038377134,0.46447939662,0.849319384041,0.483372777626,0.290534588502,0.250229669293,0.893142353431,0.913458132366,0.395031317632,0.632114646036,0.278429106288,0.038900531126
182,0.605265775058,0.274495103704,0.811370649198,0.813430083312,0.710464261075,0.647348552968,0.212883516852,0.759799559889,0.802059361036,0.437103781451,0.545040439705,0.455198744209,0.834435319461,0.488425848716,0.288517520757,0.24891309008,0.881933895856,0.910047835462,0.393960751726,0.626012085733,0.275004329341,0.0386778907285
183,0.621904341034,0.280104794986,0.817841712238,0.811698217437,0.707117917761,0.648619847946,0.224927754392,0.755484223165,0.799399938823,0.437103781451,0.511915040318,0.464817229454,0.834850156681,0.491565530943,0.28853081905,0.252101584891,0.873365651592,0.912019000072,0.3965717059,0.626611990318,0.26999684071,0.0413162638562
184,0.619236495701,0.277633638069,0.813005300026,0.809561108356,0.706476524296,0.639168997088,0.221543332182,0.74932485967,0.798807406595,0.437103781451,0.54500496065,0.457152285927,0.834275794655,0.484889035656,0.284963194159,0.248683503576,0.870628444438,0.909502675842,0.391936751468,0.617799575595,0.270441631142,0.0423179119984
185,0.615960538983,0.278883697754,0.81090167642,0.804830430876,0.703977381955,0.63850153814,0.219143135993,0.74538886834,0.800108567975,0.437103781451,0.50104530921,0.464230259894,0.82946716082,0.486361881334,0.282962512318,0.249047275382,0.869600927311,0.913608385387,0.390308818384,0.621099148941,0.270986442955,0.0386215780004
186,0.623201211807,0.281076455334,0.816465883371,0.803522960499,0.707604255731,0.640222919217,0.214635846905,0.741744271091,0.796046080062,0.437103781451,0.508263407461,0.461674956661,0.820561583919,0.489336156823,0.278448659313,0.250930562474,0.863200938724,0.914611030919,0.385588997107,0.62079415587,0.273622109039,0.0378379713851
187,0.608382961916,0.277652998515,0.802094535984,0.795687385317,0.705129889537,0.630896094371,0.207126948219,0.732587337756,0.786464962572,0.437103781451,0.540376497106,0.449101782406,0.801505622585,0.467623101713,0.274288323212,0.24761858686,0.856040645447,0.906849001616,0.384528645428,0.609300000681,0.27420687883,0.0341411742801
188,0.611170221011,0.284238647653,0.801519817354,0.794748372679,0.707520199338,0.632314791291,0.214055753172,0.728189621113,0.791491864274,0.437103781451,0.526016502816,0.456161836627,0.800414792032,0.477492064264,0.276488815928,0.247245723438,0.863474145447,0.909462504226,0.386786316373,0.62076934397,0.270767828929,0.0376885243417
189,0.625395368897,0.282435150513,0.810605708126,0.796192507171,0.718702054355,0.638041907336,0.227091870647,0.729367049668,0.797710338371,0.437103781451,0.534549613203,0.466166554956,0.802124387574,0.477644980339,0.276970099386,0.247488579496,0.86793075086,0.913379077809,0.390408665322,0.616084047582,0.277034225454,0.0326344337005
190,0.624084359443,0.288116436267,0.815808564948,0.803268720983,0.721532203306,0.661124648852,0.231992497979,0.727356226552,0.798127530046,0.437103781451,0.542645093467,0.471432292249,0.802839658225,0.482667556356,0.276015568529,0.242353005606,0.872531968264,0.917666397361,0.388318513249,0.621714705233,0.273447784429,0.0326740244875
191,0.615988680488,0.28680298337,0.813208646036,0.802671733901,0.718593957525,0.656628624691,0.226200309015,0.72806739819,0.796374861745,0.437103781451,0.553576653053,0.461415276403,0.798789639041,0.468788532588,0.271224705708,0.241238368049,0.861627882576,0.908930734358,0.382722768387,0.611983049213,0.273692417281,0.0444851000306
192,0.605001198753,0.290671548115,0.806946782592,0.800114951296,0.719439621908,0.645159252176,0.223407031566,0.725226952874,0.800944607465,0.437103781451,0.566391292592,0.464144855037,0.798748729019,0.46615459127,0.270079737374,0.244380525187,0.857801272893,0.908022252707,0.37961350795,0.614635931879,0.271267789486,0.0386408868631
193,0.618614530626,0.301037581163,0.820581240727,0.804388685532,0.724650488459,0.650779721063,0.216026450998,0.733649957541,0.806869585475,0.437103781451,0.541041145747,0.461577722377,0.792895112335,0.47078753608,0.269706826384,0.241025591038,0.862549274004,0.913729429616,0.38297556927,0.617342948195,0.265582120047,0.0364171942582
194,0.621030846885,0.30083350382,0.826254100911,0.810535524421,0.72425392328,0.65377624575,0.219235897328,0.73883962509,0.811317437417,0.437103781451,0.52197595518,0.467969920137,0.795303060105,0.468850479448,0.268693581433,0.240796427189,0.872878895657,0.919782849497,0.382826108638,0.622905510344,0.271788244889,0.0377658753576
195,0.61888790153,0.297663411529,0.821957556959,0.813986700444,0.720610148482,0.645728369986,0.21821282974,0.741065888463,0.809597081324,0.437103781451,0.53287395682,0.464640681228,0.785003180753,0.472044066826,0.264863689819,0.240610288681,0.871692300909,0.9182264629,0.37828711818,0.617074532947,0.272666130977,0.0366103234078
196,0.616105299114,0.300249392059,0.821450019858,0.811201451399,0.715479775973,0.632742085016,0.216199680445,0.738195927368,0.805422212623,0.437103781451,0.487563163923,0.460727139035,0.777725271002,0.46631438178,0.26155529485,0.235851098418,0.866364186837,0.916543917123,0.376601875418,0.612115365571,0.272608802468,0.0346449374265
197,0.601990991802,0.293077598235,0.813626311746,0.808567999708,0.712732330168,0.628375167047,0.209349077741,0.739259196532,0.810448784152,0.437103781451,0.53288373545,0.446515275916,0.756502979419,0.454103182706,0.261601280296,0.234892820751,0.87478585922,0.918914388799,0.372691651952,0.614228625568,0.272950089907,0.0347932966158
198,0.606912458118,0.294283696796,0.815567241377,0.804003490811,0.707399255235,0.636291640032,0.20846512277,0.73941854898,0.815025028502,0.437103781451,0.52633716828,0.454659701046,0.750190473006,0.45768686771,0.25972137254,0.235135078111,0.870291960908,0.914678800901,0.372753321255,0.608164280083,0.273434597607,0.0264500032701
199,0.613576821677,0.28809062651,0.807573726511,0.796657119213,0.702714528844,0.625981207292,0.213134238661,0.734900821202,0.811258579251,0.437103781451,0.525807099075,0.462375132492,0.746363146577,0.460442654972,0.258471141811,0.233427624969,0.863176272583,0.913434722711,0.372183237776,0.606928178804,0.272742689167,0.0340416340352
